Zip Code,Primary
98004,TUKWILA
98005,TUKWILA
98006,TUKWILA
98007,TUKWILA
98008,TUKWILA
98009,TUKWILA
98011,EVERETT
98014,TUKWILA
98015,TUKWILA
98019,TUKWILA
98024,TUKWILA
98025,TUKWILA
98027,TUKWILA
98028,EVERETT
98029,TUKWILA
98033,TUKWILA
98034,TUKWILA
98038,TACOMA
98039,TUKWILA
98040,TUKWILA
98041,TUKWILA
98045,TUKWILA
98050,TUKWILA
98052,TUKWILA
98053,TUKWILA
98055,TUKWILA
98056,TUKWILA
98057,TUKWILA
98058,TUKWILA
98059,TUKWILA
98065,TUKWILA
98068,TUKWILA
98072,EVERETT
98073,TUKWILA
98074,TUKWILA
98075,TUKWILA
98077,TUKWILA
98083,TUKWILA
98101,TUKWILA
98102,TUKWILA
98103,TUKWILA
98104,TUKWILA
98105,TUKWILA
98106,TUKWILA
98107,TUKWILA
98108,TUKWILA
98109,TUKWILA
98111,TUKWILA
98112,TUKWILA
98113,TUKWILA
98114,TUKWILA
98115,TUKWILA
98116,TUKWILA
98117,TUKWILA
98118,TUKWILA
98119,TUKWILA
98121,TUKWILA
98122,TUKWILA
98124,TUKWILA
98125,EVERETT
98126,TUKWILA
98127,TUKWILA
98129,TUKWILA
98131,TUKWILA
98132,TUKWILA
98133,EVERETT
98134,TUKWILA
98136,TUKWILA
98138,TUKWILA
98139,TUKWILA
98141,TUKWILA
98144,TUKWILA
98145,TUKWILA
98146,TUKWILA
98151,TUKWILA
98154,TUKWILA
98155,EVERETT
98160,TUKWILA
98161,TUKWILA
98164,TUKWILA
98165,TUKWILA
98168,TUKWILA
98170,TUKWILA
98171,TUKWILA
98174,TUKWILA
98175,TUKWILA
98177,EVERETT
98178,TUKWILA
98181,TUKWILA
98184,TUKWILA
98185,TUKWILA
98190,TUKWILA
98191,TUKWILA
98194,TUKWILA
98195,TUKWILA
98199,TUKWILA
98061,BREMERTON
98110,BREMERTON
98310,BREMERTON
98311,BREMERTON
98312,BREMERTON
98314,BREMERTON
98315,BREMERTON
98322,BREMERTON
98337,BREMERTON
98340,BREMERTON
98342,BREMERTON
98345,BREMERTON
98346,BREMERTON
98353,BREMERTON
98359,BREMERTON
98364,BREMERTON
98366,BREMERTON
98367,BREMERTON
98370,BREMERTON
98378,BREMERTON
98380,BREMERTON
98383,BREMERTON
98384,BREMERTON
98386,BREMERTON
98392,BREMERTON
98393,BREMERTON
98220,BELLINGHAM
98225,BELLINGHAM
98226,BELLINGHAM
98227,BELLINGHAM
98228,BELLINGHAM
98229,BELLINGHAM
98230,BELLINGHAM
98231,BELLINGHAM
98240,BELLINGHAM
98244,BELLINGHAM
98247,BELLINGHAM
98248,BELLINGHAM
98262,BELLINGHAM
98264,BELLINGHAM
98266,BELLINGHAM
98276,BELLINGHAM
98281,BELLINGHAM
98295,BELLINGHAM
98221,BURLINGTON
98232,BURLINGTON
98233,BURLINGTON
98235,BURLINGTON
98237,BURLINGTON
98238,BURLINGTON
98255,BURLINGTON
98257,BURLINGTON
98263,BURLINGTON
98267,BURLINGTON
98273,BURLINGTON
98274,BURLINGTON
98283,BURLINGTON
98284,BURLINGTON
83801,COEUR D ALENE
83803,COEUR D ALENE
83810,COEUR D ALENE
83814,COEUR D ALENE
83815,COEUR D ALENE
83816,COEUR D ALENE
83833,COEUR D ALENE
83835,COEUR D ALENE
83854,COEUR D ALENE
83877,COEUR D ALENE
83858,COEUR D ALENE
83805,COEUR D ALENE
83822,COEUR D ALENE
83804,COEUR D ALENE
83824,COEUR D ALENE
83830,COEUR D ALENE
83851,COEUR D ALENE
83861,COEUR D ALENE
83870,COEUR D ALENE
83802,COEUR D ALENE
83808,COEUR D ALENE
83874,COEUR D ALENE
83839,COEUR D ALENE
83846,COEUR D ALENE
83849,COEUR D ALENE
83850,COEUR D ALENE
83873,COEUR D ALENE
83867,COEUR D ALENE
98012,EVERETT
98020,EVERETT
98021,EVERETT
98026,EVERETT
98036,EVERETT
98037,EVERETT
98043,EVERETT
98046,EVERETT
98082,EVERETT
98087,EVERETT
98201,EVERETT
98203,EVERETT
98204,EVERETT
98205,EVERETT
98206,EVERETT
98207,EVERETT
98208,EVERETT
98213,EVERETT
98223,EVERETT
98241,EVERETT
98251,EVERETT
98252,EVERETT
98256,EVERETT
98258,EVERETT
98259,EVERETT
98270,EVERETT
98271,EVERETT
98272,EVERETT
98275,EVERETT
98287,EVERETT
98290,EVERETT
98291,EVERETT
98292,EVERETT
98293,EVERETT
98294,EVERETT
98296,EVERETT
98236,BURLINGTON
98239,EVERETT
98249,EVERETT
98253,EVERETT
98260,EVERETT
98277,EVERETT
98278,EVERETT
98282,EVERETT
98245,EVERETT
98250,EVERETT
98261,EVERETT
98279,EVERETT
99320,KENNEWICK
99336,KENNEWICK
99337,KENNEWICK
99338,KENNEWICK
99345,KENNEWICK
99346,KENNEWICK
99350,KENNEWICK
99352,KENNEWICK
99353,KENNEWICK
99354,KENNEWICK
99301,KENNEWICK
99302,KENNEWICK
99326,KENNEWICK
99330,KENNEWICK
99335,KENNEWICK
99343,KENNEWICK
99328,KENNEWICK
99359,KENNEWICK
99347,KENNEWICK
99401,KENNEWICK
99402,KENNEWICK
99403,KENNEWICK
98857,KENNEWICK
99323,KENNEWICK
99324,KENNEWICK
99329,KENNEWICK
99348,KENNEWICK
99360,KENNEWICK
99361,KENNEWICK
99362,KENNEWICK
99363,KENNEWICK
98501,LACEY
98502,LACEY
98503,LACEY
98504,LACEY
98505,LACEY
98506,LACEY
98507,LACEY
98508,LACEY
98509,LACEY
98512,LACEY
98513,LACEY
98516,LACEY
98530,LACEY
98540,LACEY
98576,LACEY
98579,LACEY
98589,LACEY
98597,LACEY
98336,LACEY
98355,LACEY
98356,LACEY
98361,LACEY
98377,LACEY
98531,LACEY
98532,LACEY
98533,LACEY
98538,LACEY
98539,LACEY
98542,LACEY
98564,LACEY
98565,LACEY
98570,LACEY
98572,LACEY
98582,LACEY
98585,LACEY
98591,LACEY
98593,LACEY
98596,LACEY
98524,BREMERTON
98528,BREMERTON
98546,BREMERTON
98548,LACEY
98555,LACEY
98560,LACEY
98584,LACEY
98588,BREMERTON
98592,BREMERTON
98581,VANCOUVER
98603,VANCOUVER
98609,VANCOUVER
98611,VANCOUVER
98616,VANCOUVER
98625,VANCOUVER
98626,VANCOUVER
98632,VANCOUVER
98645,VANCOUVER
98649,VANCOUVER
98520,LACEY
98526,LACEY
98535,LACEY
98536,LACEY
98537,LACEY
98541,LACEY
98550,LACEY
98552,LACEY
98557,LACEY
98559,LACEY
98562,LACEY
98563,LACEY
98566,LACEY
98568,LACEY
98569,LACEY
98571,LACEY
98575,LACEY
98583,LACEY
98587,LACEY
98595,LACEY
98527,LACEY
98547,LACEY
98554,LACEY
98561,LACEY
98577,LACEY
98586,LACEY
98590,LACEY
98614,LACEY
98624,LACEY
98631,LACEY
98637,LACEY
98638,LACEY
98640,LACEY
98641,LACEY
98644,LACEY
98612,LACEY
98621,LACEY
98643,VANCOUVER
98647,LACEY
99033,MOSCOW
99102,MOSCOW
99104,MOSCOW
99111,MOSCOW
99113,MOSCOW
99125,MOSCOW
99128,MOSCOW
99130,MOSCOW
99136,MOSCOW
99143,MOSCOW
99149,MOSCOW
99158,MOSCOW
99161,MOSCOW
99163,MOSCOW
99164,MOSCOW
99165,MOSCOW
99171,MOSCOW
99174,MOSCOW
99176,MOSCOW
99179,MOSCOW
99333,MOSCOW
97339,PORTLAND
97004,PORTLAND
97009,PORTLAND
97011,PORTLAND
97013,PORTLAND
97015,PORTLAND
97017,PORTLAND
97022,PORTLAND
97023,PORTLAND
97027,PORTLAND
97028,PORTLAND
97034,PORTLAND
97035,PORTLAND
97036,PORTLAND
97038,PORTLAND
97042,PORTLAND
97045,PORTLAND
97049,PORTLAND
97055,PORTLAND
97067,PORTLAND
97068,PORTLAND
97070,PORTLAND
97086,PORTLAND
97089,PORTLAND
97222,PORTLAND
97267,PORTLAND
97102,PORTLAND
97103,PORTLAND
97110,PORTLAND
97121,PORTLAND
97138,PORTLAND
97145,PORTLAND
97146,PORTLAND
97016,PORTLAND
97018,PORTLAND
97048,PORTLAND
97051,PORTLAND
97053,PORTLAND
97054,PORTLAND
97056,PORTLAND
97064,PORTLAND
97014,PORTLAND
97031,PORTLAND
97041,PORTLAND
97044,PORTLAND
98601,VANCOUVER
98604,VANCOUVER
98606,VANCOUVER
98607,VANCOUVER
98622,PORTLAND
98629,VANCOUVER
98642,VANCOUVER
98660,VANCOUVER
98661,VANCOUVER
98662,VANCOUVER
98663,VANCOUVER
98664,VANCOUVER
98665,VANCOUVER
98666,PORTLAND
98667,PORTLAND
98668,PORTLAND
98671,VANCOUVER
98674,VANCOUVER
98675,VANCOUVER
98682,VANCOUVER
98683,VANCOUVER
98684,VANCOUVER
98685,VANCOUVER
98686,VANCOUVER
98687,PORTLAND
97002,PORTLAND
97020,PORTLAND
97026,PORTLAND
97032,PORTLAND
97071,PORTLAND
97137,PORTLAND
97301,SALEM
97302,SALEM
97303,SALEM
97305,SALEM
97306,SALEM
97307,SALEM
97308,SALEM
97309,SALEM
97310,SALEM
97311,SALEM
97312,SALEM
97314,SALEM
97317,SALEM
97325,PORTLAND
97342,PORTLAND
97350,PORTLAND
97352,PORTLAND
97362,PORTLAND
97373,PORTLAND
97375,PORTLAND
97381,PORTLAND
97383,SALEM
97384,PORTLAND
97385,SALEM
97392,PORTLAND
98610,PORTLAND
98639,PORTLAND
98648,PORTLAND
98651,PORTLAND
97010,PORTLAND
97019,PORTLAND
97024,PORTLAND
97030,PORTLAND
97060,PORTLAND
97080,PORTLAND
97201,PORTLAND
97202,PORTLAND
97203,PORTLAND
97204,PORTLAND
97205,PORTLAND
97206,PORTLAND
97207,PORTLAND
97208,PORTLAND
97209,PORTLAND
97210,PORTLAND
97211,PORTLAND
97212,PORTLAND
97213,PORTLAND
97214,PORTLAND
97215,PORTLAND
97216,PORTLAND
97217,PORTLAND
97218,PORTLAND
97219,PORTLAND
97220,PORTLAND
97221,PORTLAND
97227,PORTLAND
97228,PORTLAND
97230,PORTLAND
97231,PORTLAND
97232,PORTLAND
97233,PORTLAND
97236,PORTLAND
97238,PORTLAND
97239,PORTLAND
97240,PORTLAND
97242,PORTLAND
97251,PORTLAND
97253,PORTLAND
97254,PORTLAND
97255,PORTLAND
97256,PORTLAND
97258,PORTLAND
97259,PORTLAND
97266,PORTLAND
97268,PORTLAND
97269,PORTLAND
97271,PORTLAND
97272,PORTLAND
97280,PORTLAND
97281,PORTLAND
97282,PORTLAND
97283,PORTLAND
97286,PORTLAND
97290,PORTLAND
97291,PORTLAND
97292,PORTLAND
97293,PORTLAND
97294,PORTLAND
97296,PORTLAND
97298,PORTLAND
97299,PORTLAND
97101,PORTLAND
97111,PORTLAND
97114,PORTLAND
97115,PORTLAND
97127,PORTLAND
97128,PORTLAND
97132,PORTLAND
97148,PORTLAND
97378,PORTLAND
97396,PORTLAND
97005,PORTLAND
97006,PORTLAND
97007,PORTLAND
97008,PORTLAND
97062,PORTLAND
97075,PORTLAND
97076,PORTLAND
97077,PORTLAND
97078,PORTLAND
97106,PORTLAND
97109,PORTLAND
97113,PORTLAND
97116,PORTLAND
97117,PORTLAND
97119,PORTLAND
97123,PORTLAND
97124,PORTLAND
97125,PORTLAND
97133,PORTLAND
97140,PORTLAND
97144,PORTLAND
97223,PORTLAND
97224,PORTLAND
97225,PORTLAND
97229,PORTLAND
97335,PORTLAND
97336,PORTLAND
97346,PORTLAND
97107,PORTLAND
97108,PORTLAND
97112,PORTLAND
97118,PORTLAND
97122,PORTLAND
97130,PORTLAND
97131,PORTLAND
97134,PORTLAND
97135,PORTLAND
97136,PORTLAND
97141,PORTLAND
97143,PORTLAND
97147,PORTLAND
97149,PORTLAND
97304,PORTLAND
97338,SALEM
97344,PORTLAND
97347,PORTLAND
97351,PORTLAND
97361,PORTLAND
97371,PORTLAND
99001,LIBERTY LAKE
99003,LIBERTY LAKE
99004,LIBERTY LAKE
99005,LIBERTY LAKE
99006,LIBERTY LAKE
99009,LIBERTY LAKE
99011,LIBERTY LAKE
99012,LIBERTY LAKE
99014,LIBERTY LAKE
99016,LIBERTY LAKE
99018,LIBERTY LAKE
99019,LIBERTY LAKE
99020,LIBERTY LAKE
99021,LIBERTY LAKE
99022,LIBERTY LAKE
99023,LIBERTY LAKE
99025,LIBERTY LAKE
99027,LIBERTY LAKE
99030,LIBERTY LAKE
99031,LIBERTY LAKE
99036,LIBERTY LAKE
99037,LIBERTY LAKE
99039,LIBERTY LAKE
99201,LIBERTY LAKE
99202,LIBERTY LAKE
99203,LIBERTY LAKE
99204,LIBERTY LAKE
99205,LIBERTY LAKE
99206,LIBERTY LAKE
99207,LIBERTY LAKE
99208,LIBERTY LAKE
99209,LIBERTY LAKE
99210,LIBERTY LAKE
99211,LIBERTY LAKE
99212,LIBERTY LAKE
99213,LIBERTY LAKE
99214,LIBERTY LAKE
99215,LIBERTY LAKE
99216,LIBERTY LAKE
99217,LIBERTY LAKE
99218,LIBERTY LAKE
99219,LIBERTY LAKE
99220,LIBERTY LAKE
99223,LIBERTY LAKE
99224,LIBERTY LAKE
99228,LIBERTY LAKE
99013,LIBERTY LAKE
99026,LIBERTY LAKE
99034,LIBERTY LAKE
99040,LIBERTY LAKE
99101,LIBERTY LAKE
99109,LIBERTY LAKE
99110,LIBERTY LAKE
99114,LIBERTY LAKE
99126,LIBERTY LAKE
99129,LIBERTY LAKE
99131,LIBERTY LAKE
99137,LIBERTY LAKE
99141,LIBERTY LAKE
99148,LIBERTY LAKE
99151,LIBERTY LAKE
99157,LIBERTY LAKE
99167,LIBERTY LAKE
99173,LIBERTY LAKE
99181,LIBERTY LAKE
99017,LIBERTY LAKE
99170,LIBERTY LAKE
99008,LIBERTY LAKE
99029,LIBERTY LAKE
99032,LIBERTY LAKE
99103,LIBERTY LAKE
99117,LIBERTY LAKE
99122,LIBERTY LAKE
99134,LIBERTY LAKE
99144,LIBERTY LAKE
99147,LIBERTY LAKE
99154,LIBERTY LAKE
99159,LIBERTY LAKE
99185,LIBERTY LAKE
99105,LIBERTY LAKE
99169,LIBERTY LAKE
99341,LIBERTY LAKE
99344,LIBERTY LAKE
99371,LIBERTY LAKE
99107,LIBERTY LAKE
99118,LIBERTY LAKE
99121,LIBERTY LAKE
99138,LIBERTY LAKE
99140,LIBERTY LAKE
99146,LIBERTY LAKE
99150,LIBERTY LAKE
99160,LIBERTY LAKE
99166,LIBERTY LAKE
99119,LIBERTY LAKE
99139,LIBERTY LAKE
99152,LIBERTY LAKE
99153,LIBERTY LAKE
99156,LIBERTY LAKE
99180,LIBERTY LAKE
98320,SEQUIM
98325,SEQUIM
98339,SEQUIM
98358,SEQUIM
98365,SEQUIM
98368,SEQUIM
98376,SEQUIM
98331,SEQUIM
98305,SEQUIM
98324,SEQUIM
98326,SEQUIM
98343,SEQUIM
98350,SEQUIM
98357,SEQUIM
98362,SEQUIM
98363,SEQUIM
98381,SEQUIM
98382,SEQUIM
98303,TACOMA
98304,TACOMA
98391,TACOMA
98321,TACOMA
98430,TACOMA
98323,TACOMA
98327,TACOMA
98328,TACOMA
98330,TACOMA
98333,BREMERTON
98329,BREMERTON
98332,BREMERTON
98335,BREMERTON
98338,TACOMA
98344,TACOMA
98348,TACOMA
98349,BREMERTON
98439,TACOMA
98492,TACOMA
98496,TACOMA
98497,TACOMA
98498,TACOMA
98499,TACOMA
98351,TACOMA
98397,TACOMA
98438,TACOMA
98558,TACOMA
98354,TACOMA
98360,TACOMA
98398,TACOMA
98371,TACOMA
98372,TACOMA
98373,TACOMA
98374,TACOMA
98375,TACOMA
98580,TACOMA
98385,TACOMA
98387,TACOMA
98388,TACOMA
98352,TACOMA
98390,TACOMA
98401,TACOMA
98402,TACOMA
98403,TACOMA
98404,TACOMA
98405,TACOMA
98406,TACOMA
98407,TACOMA
98408,TACOMA
98419,TACOMA
98421,TACOMA
98422,TACOMA
98424,TACOMA
98431,TACOMA
98433,TACOMA
98442,TACOMA
98443,TACOMA
98444,TACOMA
98445,TACOMA
98446,TACOMA
98447,TACOMA
98448,TACOMA
98450,TACOMA
98455,TACOMA
98460,TACOMA
98464,TACOMA
98465,TACOMA
98466,TACOMA
98471,TACOMA
98477,TACOMA
98481,TACOMA
98490,TACOMA
98493,TACOMA
98409,TACOMA
98411,TACOMA
98412,TACOMA
98413,TACOMA
98415,TACOMA
98416,TACOMA
98417,TACOMA
98418,TACOMA
98467,TACOMA
98394,BREMERTON
98395,TACOMA
98396,TACOMA
98001,TACOMA
98002,TACOMA
98003,TACOMA
98010,TACOMA
98022,TACOMA
98023,TACOMA
98030,TUKWILA
98031,TUKWILA
98032,TUKWILA
98035,TACOMA
98042,TACOMA
98047,TACOMA
98051,TACOMA
98063,TACOMA
98064,TACOMA
98071,TACOMA
98089,TACOMA
98092,TACOMA
98093,TACOMA
98148,TUKWILA
98158,TUKWILA
98166,TUKWILA
98188,TUKWILA
98198,TUKWILA
98070,BREMERTON
98801,WENATCHEE
98807,WENATCHEE
98811,WENATCHEE
98815,WENATCHEE
98816,WENATCHEE
98817,WENATCHEE
98821,WENATCHEE
98822,WENATCHEE
98826,WENATCHEE
98828,WENATCHEE
98831,WENATCHEE
98836,WENATCHEE
98847,WENATCHEE
98852,WENATCHEE
98802,WENATCHEE
98813,WENATCHEE
98830,WENATCHEE
98843,WENATCHEE
98845,WENATCHEE
98850,WENATCHEE
98858,WENATCHEE
98922,YAKIMA
98943,WENATCHEE
98925,WENATCHEE
98946,WENATCHEE
98950,WENATCHEE
98934,WENATCHEE
98812,WENATCHEE
98814,WENATCHEE
98819,WENATCHEE
98827,WENATCHEE
98829,WENATCHEE
98833,WENATCHEE
98834,WENATCHEE
98840,WENATCHEE
98841,WENATCHEE
98844,WENATCHEE
98846,WENATCHEE
98849,WENATCHEE
98855,WENATCHEE
98856,WENATCHEE
98859,WENATCHEE
98862,WENATCHEE
99116,WENATCHEE
99124,WENATCHEE
99155,WENATCHEE
98848,WENATCHEE
98824,WENATCHEE
98832,WENATCHEE
98837,WENATCHEE
98823,WENATCHEE
98851,WENATCHEE
98853,WENATCHEE
98860,WENATCHEE
99115,WENATCHEE
99123,WENATCHEE
99133,WENATCHEE
99135,WENATCHEE
98901,YAKIMA
98902,YAKIMA
98903,YAKIMA
98904,YAKIMA
98907,YAKIMA
98908,YAKIMA
98909,YAKIMA
98920,YAKIMA
98921,YAKIMA
98923,YAKIMA
98929,YAKIMA
98930,YAKIMA
98932,YAKIMA
98933,YAKIMA
98935,YAKIMA
98936,YAKIMA
98937,YAKIMA
98938,YAKIMA
98939,YAKIMA
98942,YAKIMA
98944,YAKIMA
98947,YAKIMA
98948,YAKIMA
98951,YAKIMA
98952,YAKIMA
98953,YAKIMA
98602,YAKIMA
98605,YAKIMA
98613,YAKIMA
98617,YAKIMA
98619,YAKIMA
98620,YAKIMA
98623,YAKIMA
98628,YAKIMA
98635,YAKIMA
98650,YAKIMA
98670,YAKIMA
98672,YAKIMA
98673,YAKIMA
99322,YAKIMA
99356,YAKIMA
98926,YAKIMA
98940,YAKIMA
98941,YAKIMA
99321,YAKIMA
99349,YAKIMA
99357,YAKIMA
97741,BEND
97701,BEND
97702,BEND
97703,BEND
97708,BEND
97756,BEND
97707,BEND
97759,BEND
97412,EUGENE
97413,EUGENE
97419,EUGENE
97424,EUGENE
97426,EUGENE
97430,EUGENE
97431,EUGENE
97434,EUGENE
97437,EUGENE
97401,EUGENE
97402,EUGENE
97403,EUGENE
97404,EUGENE
97405,EUGENE
97408,EUGENE
97438,EUGENE
97439,EUGENE
97448,EUGENE
97451,EUGENE
97452,EUGENE
97453,EUGENE
97454,EUGENE
97461,EUGENE
97463,EUGENE
97455,EUGENE
97477,EUGENE
97478,EUGENE
97480,EUGENE
97487,EUGENE
97488,EUGENE
97489,EUGENE
97490,EUGENE
97492,EUGENE
97493,EUGENE
97410,EUGENE
97416,EUGENE
97417,EUGENE
97429,EUGENE
97435,EUGENE
97436,EUGENE
97441,EUGENE
97442,EUGENE
97443,EUGENE
97447,EUGENE
97462,EUGENE
97467,EUGENE
97469,EUGENE
97470,EUGENE
97471,EUGENE
97495,EUGENE
97473,EUGENE
97479,EUGENE
97481,EUGENE
97484,EUGENE
97457,EUGENE
97486,EUGENE
97494,EUGENE
97496,EUGENE
97499,EUGENE
97411,EUGENE
97414,EUGENE
97420,EUGENE
97423,EUGENE
97449,EUGENE
97458,EUGENE
97459,EUGENE
97466,EUGENE
97321,EUGENE
97322,EUGENE
97327,EUGENE
97329,EUGENE
97345,EUGENE
97348,EUGENE
97446,EUGENE
97355,EUGENE
97358,EUGENE
97360,EUGENE
97374,EUGENE
97377,EUGENE
97386,EUGENE
97389,EUGENE
97324,EUGENE
97326,EUGENE
97330,EUGENE
97331,EUGENE
97333,EUGENE
97456,EUGENE
97370,EUGENE
97341,EUGENE
97343,EUGENE
97388,EUGENE
97367,EUGENE
97357,EUGENE
97364,EUGENE
97365,EUGENE
97369,EUGENE
97368,EUGENE
97376,EUGENE
97380,EUGENE
97366,EUGENE
97390,EUGENE
97391,EUGENE
97394,EUGENE
97498,EUGENE
97754,BEND
83702,BOISE
83703,BOISE
83704,BOISE
83705,BOISE
83706,BOISE
83709,BOISE
83712,BOISE
83713,BOISE
83716,BOISE
83725,BOISE
83823,MOSCOW
83832,MOSCOW
